year,dem_pct_bo_avg,gop_pct_bo_avg
2016,74.07164179104478,25.9225846813835
2020,40.25207873469909,45.616550826690016
2024,16.023295183276442,43.655999375320704
